{"epoch_1_training": {"training loss": 0.6813806227550442, "training acc": 0.5606341558048987, "training ballance_acc": 0.47619047619047616}, "epoch_1_validation": {"validation loss": 0.6640195881799438, "validation acc": 0.6039417309340188, "validation ballance_acc": 0.6428571428571428}, "epoch_2_training": {"training loss": 0.667280939588437, "training acc": 0.5889852875492332, "training ballance_acc": 0.6596989966555183}, "epoch_2_validation": {"validation loss": 0.7112286392704686, "validation acc": 0.5182519280205655, "validation ballance_acc": 0.39999999999999997}, "epoch_3_training": {"training loss": 0.6616397079517615, "training acc": 0.5989469837445691, "training ballance_acc": 0.7525252525252526}, "epoch_3_validation": {"validation loss": 0.6570199318389762, "validation acc": 0.6052270779777206, "validation ballance_acc": 0.696969696969697}, "epoch_4_training": {"training loss": 0.6533125121933201, "training acc": 0.6108712423696926, "training ballance_acc": 0.618103448275862}, "epoch_4_validation": {"validation loss": 0.6784822039350854, "validation acc": 0.5718080548414738, "validation ballance_acc": 0.7}, "epoch_5_training": {"training loss": 0.645748569830163, "training acc": 0.6227684311681984, "training ballance_acc": 0.5925}, "epoch_5_validation": {"validation loss": 0.6525063761912969, "validation acc": 0.6102827763496144, "validation ballance_acc": 0.5}, "epoch_6_training": {"training loss": 0.6338622214064873, "training acc": 0.6374899052104904, "training ballance_acc": 0.5367892976588629}, "epoch_6_validation": {"validation loss": 0.6655006667131426, "validation acc": 0.592459297343616, "validation ballance_acc": 0.5714285714285714}, "epoch_7_training": {"training loss": 0.6195200147070797, "training acc": 0.6539258016052407, "training ballance_acc": 0.6125}, "epoch_7_validation": {"validation loss": 0.6770959817249752, "validation acc": 0.5975149957155098, "validation ballance_acc": 0.7}, "epoch_8_training": {"training loss": 0.5906604780841093, "training acc": 0.6823085148139626, "training ballance_acc": 0.7112794612794613}, "epoch_8_validation": {"validation loss": 0.6658725031135219, "validation acc": 0.6127677806341045, "validation ballance_acc": 0.4607843137254902}, "epoch_9_training": {"training loss": 0.5777577216386665, "training acc": 0.6943320294700179, "training ballance_acc": 0.7525252525252526}, "epoch_9_validation": {"validation loss": 0.6598867027036328, "validation acc": 0.6251071122536418, "validation ballance_acc": 0.6904761904761905}, "epoch_10_training": {"training loss": 0.5710816533184878, "training acc": 0.699601622384942, "training ballance_acc": 0.6605351170568562}, "epoch_10_validation": {"validation loss": 0.6778429176118911, "validation acc": 0.6161096829477292, "validation ballance_acc": 0.8823529411764706}, "epoch_11_training": {"training loss": 0.5628481739796798, "training acc": 0.7063239626616858, "training ballance_acc": 0.771043771043771}, "epoch_11_validation": {"validation loss": 0.6830715810067651, "validation acc": 0.6149100257069409, "validation ballance_acc": 0.6212121212121212}, "epoch_12_training": {"training loss": 0.5562272006217847, "training acc": 0.7114717413568299, "training ballance_acc": 0.734006734006734}, "epoch_12_validation": {"validation loss": 0.6923886496947174, "validation acc": 0.6092544987146529, "validation ballance_acc": 0.5476190476190476}, "epoch_13_training": {"training loss": 0.5470786814861763, "training acc": 0.7187941294569341, "training ballance_acc": 0.6102693602693603}, "epoch_13_validation": {"validation loss": 0.6876528206143302, "validation acc": 0.6185946872322193, "validation ballance_acc": 0.5208333333333333}, "epoch_14_training": {"training loss": 0.542164338944977, "training acc": 0.7219116711557463, "training ballance_acc": 0.7533333333333333}, "epoch_14_validation": {"validation loss": 0.6901864758545043, "validation acc": 0.6161096829477292, "validation ballance_acc": 0.4666666666666667}, "epoch_15_training": {"training loss": 0.5346117822914577, "training acc": 0.7286294997947205, "training ballance_acc": 0.7358333333333333}, "epoch_15_validation": {"validation loss": 0.708186573852508, "validation acc": 0.6066838046272494, "validation ballance_acc": 0.7}, "epoch_16_training": {"training loss": 0.5332144507461265, "training acc": 0.7277271722407951, "training ballance_acc": 0.7424242424242424}, "epoch_16_validation": {"validation loss": 0.7207375185655138, "validation acc": 0.5974293059125964, "validation ballance_acc": 0.7070707070707071}, "epoch_17_training": {"training loss": 0.5328478418267657, "training acc": 0.7293378269245518, "training ballance_acc": 0.754180602006689}, "epoch_17_validation": {"validation loss": 0.7029240804037276, "validation acc": 0.6087403598971722, "validation ballance_acc": 0.4791666666666667}, "epoch_18_training": {"training loss": 0.5334669387653993, "training acc": 0.7282099174821451, "training ballance_acc": 0.7324414715719063}, "epoch_18_validation": {"validation loss": 0.7001682315612309, "validation acc": 0.6113967437874892, "validation ballance_acc": 0.6}, "epoch_19_training": {"training loss": 0.5278096306854251, "training acc": 0.7330418815334154, "training ballance_acc": 0.7370689655172413}, "epoch_19_validation": {"validation loss": 0.7099724287851917, "validation acc": 0.6051413881748071, "validation ballance_acc": 0.6333333333333333}, "epoch_20_training": {"training loss": 0.528933923327216, "training acc": 0.7310657841903189, "training ballance_acc": 0.6533333333333333}, "epoch_20_validation": {"validation loss": 0.7103841867626683, "validation acc": 0.6061696658097686, "validation ballance_acc": 0.6568627450980392}, "epoch_21_training": {"training loss": 0.5297707174252841, "training acc": 0.7311560169457114, "training ballance_acc": 0.8166666666666667}, "epoch_21_validation": {"validation loss": 0.7049216786407464, "validation acc": 0.6129391602399314, "validation ballance_acc": 0.6190476190476191}, "epoch_22_training": {"training loss": 0.5276384460589052, "training acc": 0.7333216030751323, "training ballance_acc": 0.8434343434343434}, "epoch_22_validation": {"validation loss": 0.7071394137878548, "validation acc": 0.6127677806341045, "validation ballance_acc": 0.6547619047619048}, "epoch_23_training": {"training loss": 0.528744079088004, "training acc": 0.7317425298557629, "training ballance_acc": 0.6144781144781144}, "epoch_23_validation": {"validation loss": 0.6981050810348098, "validation acc": 0.6182519280205655, "validation ballance_acc": 0.7}, "epoch_24_training": {"training loss": 0.5305567897228959, "training acc": 0.7306687600665918, "training ballance_acc": 0.7559523809523809}, "epoch_24_validation": {"validation loss": 0.6917716542317914, "validation acc": 0.6193658954584405, "validation ballance_acc": 0.43137254901960786}, "epoch_25_training": {"training loss": 0.5288103850853929, "training acc": 0.730907876868382, "training ballance_acc": 0.7758333333333334}, "epoch_25_validation": {"validation loss": 0.713236565199691, "validation acc": 0.6093401885175663, "validation ballance_acc": 0.41208791208791207}}