{"epoch_1_training": {"training loss": 0.6827957506989221, "training acc": 0.5558247499424767, "training ballance_acc": 0.5008361204013378}, "epoch_1_validation": {"validation loss": 0.6463768710003209, "validation acc": 0.6423307626392459, "validation ballance_acc": 0.47619047619047616}, "epoch_2_training": {"training loss": 0.6699720565414113, "training acc": 0.581518527040501, "training ballance_acc": 0.5735785953177257}, "epoch_2_validation": {"validation loss": 0.6682718060623404, "validation acc": 0.5859468723221937, "validation ballance_acc": 0.6414141414141414}, "epoch_3_training": {"training loss": 0.6634243740743485, "training acc": 0.5950534403493812, "training ballance_acc": 0.6904761904761905}, "epoch_3_validation": {"validation loss": 0.6590941976867585, "validation acc": 0.6006855184233075, "validation ballance_acc": 0.43333333333333335}, "epoch_4_training": {"training loss": 0.6563757237806926, "training acc": 0.6065851864885472, "training ballance_acc": 0.5353448275862069}, "epoch_4_validation": {"validation loss": 0.6825845146546939, "validation acc": 0.5589545844044558, "validation ballance_acc": 0.696969696969697}, "epoch_5_training": {"training loss": 0.6502314833757994, "training acc": 0.615640043492188, "training ballance_acc": 0.569023569023569}, "epoch_5_validation": {"validation loss": 0.6370330827299509, "validation acc": 0.6298200514138818, "validation ballance_acc": 0.3333333333333333}, "epoch_6_training": {"training loss": 0.6407381784506689, "training acc": 0.6277943956435625, "training ballance_acc": 0.7023809523809523}, "epoch_6_validation": {"validation loss": 0.6725760091546262, "validation acc": 0.5950299914310196, "validation ballance_acc": 0.6071428571428572}}