{"epoch_1_training": {"training loss": 0.5345552380254117, "training acc": 0.7277091256897166, "training ballance_acc": 0.7758333333333334}, "epoch_1_validation": {"validation loss": 0.5815836559939609, "validation acc": 0.7019708654670094, "validation ballance_acc": 0.8}, "epoch_2_training": {"training loss": 0.4078528798462443, "training acc": 0.8186727664009312, "training ballance_acc": 0.8476430976430976}, "epoch_2_validation": {"validation loss": 0.6047040559638742, "validation acc": 0.7215938303341902, "validation ballance_acc": 0.43333333333333335}, "epoch_3_training": {"training loss": 0.3024270302482447, "training acc": 0.8752622389453595, "training ballance_acc": 0.8122895622895623}, "epoch_3_validation": {"validation loss": 0.6938979311334648, "validation acc": 0.7187660668380462, "validation ballance_acc": 0.6785714285714286}, "epoch_4_training": {"training loss": 0.2244758848143843, "training acc": 0.9115403182509283, "training ballance_acc": 0.9183333333333333}, "epoch_4_validation": {"validation loss": 0.7866264382487398, "validation acc": 0.7155955441302484, "validation ballance_acc": 0.8186813186813187}, "epoch_5_training": {"training loss": 0.17616023374443965, "training acc": 0.931765990372165, "training ballance_acc": 0.9577586206896551}, "epoch_5_validation": {"validation loss": 0.8737789630736668, "validation acc": 0.7281062553556126, "validation ballance_acc": 0.9642857142857143}, "epoch_6_training": {"training loss": 0.14687793968502477, "training acc": 0.9439068076102306, "training ballance_acc": 0.95}, "epoch_6_validation": {"validation loss": 0.9412564256810284, "validation acc": 0.7252784918594687, "validation ballance_acc": 0.6904761904761905}, "epoch_7_training": {"training loss": 0.12473074620737491, "training acc": 0.9528172922052434, "training ballance_acc": 0.9772727272727273}, "epoch_7_validation": {"validation loss": 0.9957939919847245, "validation acc": 0.7359897172236504, "validation ballance_acc": 0.5989010989010989}, "epoch_8_training": {"training loss": 0.08521801203225297, "training acc": 0.9692937933399203, "training ballance_acc": 0.9587542087542087}, "epoch_8_validation": {"validation loss": 0.9849528975484713, "validation acc": 0.7377892030848329, "validation ballance_acc": 0.75}, "epoch_9_training": {"training loss": 0.06703470211451011, "training acc": 0.9764943672202446, "training ballance_acc": 0.9590301003344481}, "epoch_9_validation": {"validation loss": 1.025661575303899, "validation acc": 0.7408740359897171, "validation ballance_acc": 0.5952380952380952}, "epoch_10_training": {"training loss": 0.05852449919221503, "training acc": 0.9797878627920721, "training ballance_acc": 0.9399641577060931}, "epoch_10_validation": {"validation loss": 1.0744466640138177, "validation acc": 0.7397600685518423, "validation ballance_acc": 0.6875}}