{"epoch_1_training": {"training loss": 0.6654608841974604, "training acc": 0.5992253381661424, "training ballance_acc": 0.45}, "epoch_1_validation": {"validation loss": 1.2322852616758784, "validation acc": 0.55527352297593, "validation ballance_acc": 0.6701388888888888}, "epoch_2_training": {"training loss": 0.6347669225185063, "training acc": 0.6374794475122855, "training ballance_acc": 0.625}, "epoch_2_validation": {"validation loss": 0.6972310350029943, "validation acc": 0.590109409190372, "validation ballance_acc": 0.6770833333333333}, "epoch_3_training": {"training loss": 0.6193570422544907, "training acc": 0.656058435846302, "training ballance_acc": 0.6318681318681318}, "epoch_3_validation": {"validation loss": 0.5749941200213567, "validation acc": 0.7008315098468272, "validation ballance_acc": 0.6909722222222222}, "epoch_4_training": {"training loss": 0.6073142802470379, "training acc": 0.6694883639528939, "training ballance_acc": 0.78125}, "epoch_4_validation": {"validation loss": 0.7075964100251313, "validation acc": 0.6044638949671772, "validation ballance_acc": 0.6770833333333333}, "epoch_5_training": {"training loss": 0.5976108721384533, "training acc": 0.6776402750464015, "training ballance_acc": 0.6318681318681318}, "epoch_5_validation": {"validation loss": 0.5965413974202697, "validation acc": 0.6777242888402626, "validation ballance_acc": 0.5972222222222222}, "epoch_6_training": {"training loss": 0.5885617149795705, "training acc": 0.6863540692774275, "training ballance_acc": 0.7774725274725275}, "epoch_6_validation": {"validation loss": 0.5646479463681611, "validation acc": 0.7061706783369803, "validation ballance_acc": 0.6354166666666666}, "epoch_7_training": {"training loss": 0.5825889963108954, "training acc": 0.6911531039437748, "training ballance_acc": 0.7774725274725275}, "epoch_7_validation": {"validation loss": 0.6348347956033452, "validation acc": 0.6448140043763676, "validation ballance_acc": 0.6597222222222222}, "epoch_8_training": {"training loss": 0.5564161293243978, "training acc": 0.7123572839858701, "training ballance_acc": 0.7529411764705882}, "epoch_8_validation": {"validation loss": 0.582462444803647, "validation acc": 0.6979431072210066, "validation ballance_acc": 0.7465277777777778}, "epoch_9_training": {"training loss": 0.5456815259936608, "training acc": 0.7226922492366219, "training ballance_acc": 0.7222222222222222}, "epoch_9_validation": {"validation loss": 0.5893360195066005, "validation acc": 0.6882275711159738, "validation ballance_acc": 0.7465277777777778}, "epoch_10_training": {"training loss": 0.5395787963348266, "training acc": 0.7263030392351021, "training ballance_acc": 0.8153409090909092}, "epoch_10_validation": {"validation loss": 0.5942384104368723, "validation acc": 0.6857768052516412, "validation ballance_acc": 0.7465277777777778}}