{"epoch_1_training": {"training loss": 0.6035573180576153, "training acc": 0.671038443665435, "training ballance_acc": 0.6725}, "epoch_1_validation": {"validation loss": 0.6370358976831575, "validation acc": 0.6430162810625535, "validation ballance_acc": 0.71875}, "epoch_2_training": {"training loss": 0.5692366557436251, "training acc": 0.7011220443133062, "training ballance_acc": 0.737719298245614}, "epoch_2_validation": {"validation loss": 0.6470941562068289, "validation acc": 0.6373607540702656, "validation ballance_acc": 0.554945054945055}, "epoch_3_training": {"training loss": 0.5381365293119955, "training acc": 0.7272399153616754, "training ballance_acc": 0.6921052631578948}, "epoch_3_validation": {"validation loss": 0.5658121284451767, "validation acc": 0.7063410454155955, "validation ballance_acc": 0.43333333333333335}, "epoch_4_training": {"training loss": 0.5005959895173301, "training acc": 0.7566151888797152, "training ballance_acc": 0.8392255892255892}, "epoch_4_validation": {"validation loss": 0.5742614287388254, "validation acc": 0.7103684661525278, "validation ballance_acc": 0.8535353535353536}, "epoch_5_training": {"training loss": 0.4595356507099838, "training acc": 0.7823631056309751, "training ballance_acc": 0.7870689655172414}, "epoch_5_validation": {"validation loss": 0.659346656096523, "validation acc": 0.6628106255355612, "validation ballance_acc": 0.5555555555555556}, "epoch_6_training": {"training loss": 0.420767187850619, "training acc": 0.807650835329733, "training ballance_acc": 0.7966666666666666}, "epoch_6_validation": {"validation loss": 0.6281876468004686, "validation acc": 0.7029991431019709, "validation ballance_acc": 0.7070707070707071}, "epoch_7_training": {"training loss": 0.38491380000164566, "training acc": 0.8275155764293997, "training ballance_acc": 0.8553511705685619}, "epoch_7_validation": {"validation loss": 0.6822529222940724, "validation acc": 0.6848329048843187, "validation ballance_acc": 0.6758241758241759}, "epoch_8_training": {"training loss": 0.31164742350050967, "training acc": 0.8679578973963338, "training ballance_acc": 0.9175084175084175}, "epoch_8_validation": {"validation loss": 0.7210847247893114, "validation acc": 0.7019708654670094, "validation ballance_acc": 0.7087912087912087}, "epoch_9_training": {"training loss": 0.264332875460352, "training acc": 0.8915357163804032, "training ballance_acc": 0.94}, "epoch_9_validation": {"validation loss": 0.7633853760302935, "validation acc": 0.7065124250214224, "validation ballance_acc": 0.6666666666666667}, "epoch_10_training": {"training loss": 0.23451941138285318, "training acc": 0.9062526787849257, "training ballance_acc": 0.9444444444444444}, "epoch_10_validation": {"validation loss": 0.8190095310499246, "validation acc": 0.699828620394173, "validation ballance_acc": 0.5}}